system,number of observations,improvements,improvement avg,normalized improvement avg,decreases,decrease avg,normalized decrease avg,avg diagnose size
74182,245,89,4.456755909,0.240676808,156,8.217377678,0.558377876,2.569058591
74283,139,67,249.5103988,0.384174261,72,59.45303547,0.689741107,1.989324669
c17,60,60,0.000710936,0.518349722,0,,,1.1
